{
  "rmse": 0.6725066601147632,
  "mae": 0.359484314516967,
  "r2": 0.9503887587432112,
  "bias": 0.03658081005201905
}