{
  "k": 0.9566426277160645,
  "R0": 0.8120168447494507,
  "Rinf": 0.11385712027549744
}